Adele,Hello,1.952.997.704 ,https://www.youtube.com/watch?v=YQHsXMglC9A,YQHsXMglC9A
Adele,Hello,1.952.997.704 ,https://www.youtube.com/watch?v=YQHsXMglC9A,YQHsXMglC9A
Adele,Hello,1.952.997.704 ,https://www.youtube.com/watch?v=YQHsXMglC9A,YQHsXMglC9A
Adele,Someone Like You,867.956.621 ,https://www.youtube.com/watch?v=hLQl3WQQoQ0,hLQl3WQQoQ0
Adele,Someone Like You,867.956.621 ,https://www.youtube.com/watch?v=hLQl3WQQoQ0,hLQl3WQQoQ0
Adele,Someone Like You,867.956.621 ,https://www.youtube.com/watch?v=hLQl3WQQoQ0,hLQl3WQQoQ0
Adele,Someone Like You,867.956.621 ,https://www.youtube.com/watch?v=hLQl3WQQoQ0,hLQl3WQQoQ0
Adele,Someone Like You,867.956.621 ,https://www.youtube.com/watch?v=hLQl3WQQoQ0,hLQl3WQQoQ0
Adele,Someone Like You,867.956.621 ,https://www.youtube.com/watch?v=hLQl3WQQoQ0,hLQl3WQQoQ0
Adele,Someone Like You,867.956.621 ,https://www.youtube.com/watch?v=hLQl3WQQoQ0,hLQl3WQQoQ0
Adele,Someone Like You,867.956.621 ,https://www.youtube.com/watch?v=hLQl3WQQoQ0,hLQl3WQQoQ0
Adele,Someone Like You,867.956.621 ,https://www.youtube.com/watch?v=hLQl3WQQoQ0,hLQl3WQQoQ0
Adele,Someone Like You,867.956.621 ,https://www.youtube.com/watch?v=hLQl3WQQoQ0,hLQl3WQQoQ0
Adele,Someone Like You,867.956.621 ,https://www.youtube.com/watch?v=hLQl3WQQoQ0,hLQl3WQQoQ0
Adele,Someone Like You,867.956.621 ,https://www.youtube.com/watch?v=hLQl3WQQoQ0,hLQl3WQQoQ0
Adele,Someone Like You,867.956.621 ,https://www.youtube.com/watch?v=hLQl3WQQoQ0,hLQl3WQQoQ0
Adele,Someone Like You,867.956.621 ,https://www.youtube.com/watch?v=hLQl3WQQoQ0,hLQl3WQQoQ0
Adele,Someone Like You,867.956.621 ,https://www.youtube.com/watch?v=hLQl3WQQoQ0,hLQl3WQQoQ0
Adele,Someone Like You,,https://www.youtube.com/watch?v=hLQl3WQQoQ0,hLQl3WQQoQ0
Adele,Someone Like You,867.956.621 ,https://www.youtube.com/watch?v=hLQl3WQQoQ0,hLQl3WQQoQ0
Adele,Someone Like You,867.956.621 ,https://www.youtube.com/watch?v=hLQl3WQQoQ0,hLQl3WQQoQ0
Adele,Someone Like You,867.956.621 ,https://www.youtube.com/watch?v=hLQl3WQQoQ0,hLQl3WQQoQ0
Adele,Someone Like You,867.956.621 ,https://www.youtube.com/watch?v=hLQl3WQQoQ0,hLQl3WQQoQ0
Adele,Someone Like You,867.956.621 ,https://www.youtube.com/watch?v=hLQl3WQQoQ0,hLQl3WQQoQ0
Adele,Someone Like You,867.956.621 ,https://www.youtube.com/watch?v=hLQl3WQQoQ0,hLQl3WQQoQ0
Adele,Someone Like You,867.956.621 ,https://www.youtube.com/watch?v=hLQl3WQQoQ0,hLQl3WQQoQ0
Adele,Someone Like You,867.956.621 ,https://www.youtube.com/watch?v=hLQl3WQQoQ0,hLQl3WQQoQ0
Adele,Someone Like You,867.956.621 ,https://www.youtube.com/watch?v=hLQl3WQQoQ0,hLQl3WQQoQ0
Adele,Someone Like You,867.956.621 ,https://www.youtube.com/watch?v=hLQl3WQQoQ0,hLQl3WQQoQ0
Adele,Someone Like You,,https://www.youtube.com/watch?v=hLQl3WQQoQ0,hLQl3WQQoQ0
Adele,Someone Like You,867.956.621 ,https://www.youtube.com/watch?v=hLQl3WQQoQ0,hLQl3WQQoQ0
Adele,Someone Like You,867.956.621 ,https://www.youtube.com/watch?v=hLQl3WQQoQ0,hLQl3WQQoQ0
Adele,Someone Like You,867.956.621 ,https://www.youtube.com/watch?v=hLQl3WQQoQ0,hLQl3WQQoQ0
Adele,Someone Like You,867.956.621 ,https://www.youtube.com/watch?v=hLQl3WQQoQ0,hLQl3WQQoQ0
Adele,Someone Like You,867.956.621 ,https://www.youtube.com/watch?v=hLQl3WQQoQ0,hLQl3WQQoQ0
Adele,Someone Like You,867.956.621 ,https://www.youtube.com/watch?v=hLQl3WQQoQ0,hLQl3WQQoQ0
Adele,Someone Like You,867.956.621 ,https://www.youtube.com/watch?v=hLQl3WQQoQ0,hLQl3WQQoQ0
Adele,Someone Like You,867.956.621 ,https://www.youtube.com/watch?v=hLQl3WQQoQ0,hLQl3WQQoQ0
Adele,Someone Like You,867.956.621 ,https://www.youtube.com/watch?v=hLQl3WQQoQ0,hLQl3WQQoQ0
Adele,Someone Like You,867.956.621 ,https://www.youtube.com/watch?v=hLQl3WQQoQ0,hLQl3WQQoQ0
Adele,Someone Like You,867.956.621 ,https://www.youtube.com/watch?v=hLQl3WQQoQ0,hLQl3WQQoQ0
Adele,Someone Like You,867.956.621 ,https://www.youtube.com/watch?v=hLQl3WQQoQ0,hLQl3WQQoQ0
Adele,Someone Like You,867.956.621 ,https://www.youtube.com/watch?v=hLQl3WQQoQ0,hLQl3WQQoQ0
Adele,Someone Like You,867.956.621 ,https://www.youtube.com/watch?v=hLQl3WQQoQ0,hLQl3WQQoQ0
Adele,Someone Like You,867.956.621 ,https://www.youtube.com/watch?v=hLQl3WQQoQ0,hLQl3WQQoQ0
Adele,Someone Like You,867.956.621 ,https://www.youtube.com/watch?v=hLQl3WQQoQ0,hLQl3WQQoQ0
Adele,Someone Like You,867.956.621 ,https://www.youtube.com/watch?v=hLQl3WQQoQ0,hLQl3WQQoQ0
Adele,Someone Like You,867.956.621 ,https://www.youtube.com/watch?v=hLQl3WQQoQ0,hLQl3WQQoQ0
